Category,Sentence,Example
Politics,The government has announced a new set of tax reforms aimed at supporting small businesses.,Example 1
Politics,The president addressed the nation on the growing concerns about climate change.,Example 2
Politics,Senators debated a new bill that seeks to regulate the use of social media during elections.,Example 3
Politics,The political unrest in the region has led to a decline in international relations.,Example 4
Politics,"Voter turnout in the recent elections was at an all-time high, with many citizens expressing hope for change.",Example 5
Technology,The latest smartphone model features an improved camera and longer battery life.,Example 6
Technology,Artificial intelligence is transforming the way businesses operate across multiple industries.,Example 7
Technology,A major cybersecurity breach exposed sensitive data from millions of users worldwide.,Example 8
Technology,The new electric car boasts a range of 500 miles on a single charge.,Example 9
Technology,"Tech companies are investing heavily in quantum computing, hoping to unlock new computational power.",Example 10
Sports,The national football team secured a dramatic victory in the World Cup qualifiers.,Example 11
Sports,Tennis star wins her 20th Grand Slam title after a hard-fought final.,Example 12
Sports,The NBA announced changes to its playoff format for the upcoming season.,Example 13
Sports,A new record was set during the marathon as the winner completed the race in under two hours.,Example 14
Sports,The Olympic Games have been postponed due to health concerns.,Example 15
Entertainment,The latest superhero movie shattered box office records in its opening weekend.,Example 16
Entertainment,A popular streaming service announced the release of a highly anticipated original series.,Example 17
Entertainment,The music festival lineup features several Grammy-winning artists this year.,Example 18
Entertainment,A beloved actor received a lifetime achievement award at the film industry's biggest night.,Example 19
Entertainment,The fashion industry is embracing sustainability as a key trend for the coming season.,Example 20
Business,Stock markets surged after the announcement of a major merger between two tech giants.,Example 21
Business,"The company posted record profits in the last quarter, driven by strong sales in international markets.",Example 22
Business,Entrepreneurs are turning to e-commerce platforms to reach a global audience.,Example 23
Business,The retail giant is set to open 50 new stores across the country by the end of the year.,Example 24
Business,Small businesses are struggling to cope with the rising costs of raw materials.,Example 25
