city,date,rate
Hyderabad,24/05/2012,81.44
Hyderabad,03/06/2012,78.11
Hyderabad,29/06/2012,74.89
Hyderabad,24/07/2012,75.8
Hyderabad,25/07/2012,75.42
Hyderabad,09/10/2012,74.68
Hyderabad,27/10/2012,74.98
Hyderabad,16/11/2012,73.73
Hyderabad,18/01/2013,73.41
Hyderabad,16/02/2013,75.37
Hyderabad,02/03/2013,77.21
Hyderabad,16/03/2013,74.59
Hyderabad,02/04/2013,73.44
Hyderabad,16/04/2013,72.14
Hyderabad,01/05/2013,68.86
Hyderabad,01/06/2013,69.84
Hyderabad,16/06/2013,72.46
Hyderabad,29/06/2013,74.9
Hyderabad,15/07/2013,76.94
Hyderabad,01/08/2013,77.85
Hyderabad,01/09/2013,80.93
Hyderabad,14/09/2013,83.07
Hyderabad,01/10/2013,79.08
Hyderabad,01/11/2013,77.57
Hyderabad,21/12/2013,78.1
Hyderabad,04/01/2014,79.11
Hyderabad,01/03/2014,79.9
Hyderabad,01/04/2014,78.92
Hyderabad,16/04/2014,78
Hyderabad,07/06/2014,78.11
Hyderabad,25/06/2014,78.17
Hyderabad,01/07/2014,80.41
Hyderabad,01/08/2014,79.22
Hyderabad,15/08/2014,76.84
Hyderabad,31/08/2014,74.86
Hyderabad,01/10/2014,74.15
Hyderabad,15/10/2014,72.83
Hyderabad,01/11/2014,70.19
Hyderabad,01/12/2014,69.19
Hyderabad,16/12/2014,67.02
Hyderabad,17/01/2015,64.37
Hyderabad,01/02/2015,66.38
Hyderabad,04/02/2015,63.81
Hyderabad,06/02/2015,63.73
Hyderabad,16/02/2015,64.65
Hyderabad,01/03/2015,68.23
Hyderabad,02/04/2015,67.69
Hyderabad,15/04/2015,66.79
Hyderabad,01/05/2015,71.21
Hyderabad,16/05/2015,74.73
Hyderabad,16/06/2015,75.45
Hyderabad,01/07/2015,75.11
Hyderabad,15/07/2015,72.52
Hyderabad,01/08/2015,69.82
Hyderabad,15/08/2015,68.45
Hyderabad,01/09/2015,66.29
Hyderabad,01/11/2015,65.76
Hyderabad,16/11/2015,66.07
Hyderabad,01/12/2015,65.47
Hyderabad,16/12/2015,64.92
Hyderabad,01/01/2016,64.24
Hyderabad,16/01/2016,63.9
Hyderabad,01/02/2016,63.85
Hyderabad,17/02/2016,63.84
Hyderabad,09/03/2016,60.63
Hyderabad,17/03/2016,63.9
Hyderabad,05/04/2016,66.22
Hyderabad,16/04/2016,65.18
Hyderabad,01/05/2016,66.29
Hyderabad,17/05/2016,67.17
Hyderabad,01/06/2016,69.91
Hyderabad,16/06/2016,69.96
Hyderabad,01/07/2016,69.06
Hyderabad,15/07/2016,66.67
Hyderabad,01/08/2016,65.22
Hyderabad,15/08/2016,64.16
Hyderabad,01/09/2016,67.75
Hyderabad,15/09/2016,68.56
Hyderabad,01/10/2016,68.95
Hyderabad,05/10/2016,69.07
Hyderabad,15/10/2016,70.91
Hyderabad,06/11/2016,72.25
Hyderabad,16/11/2016,70.4
Hyderabad,01/12/2016,70.58
Hyderabad,17/12/2016,73.61
Hyderabad,01/01/2017,75.37
Hyderabad,16/01/2017,75.94
Hyderabad,01/04/2017,70.81
Hyderabad,16/04/2017,72.7
Hyderabad,01/05/2017,72.72
Hyderabad,16/05/2017,69.8
Hyderabad,01/06/2017,71.49
Hyderabad,16/06/2017,69.61
Hyderabad,19/06/2017,68.73
Hyderabad,20/06/2017,68.57
Hyderabad,21/06/2017,68.62
Hyderabad,22/06/2017,68.46
Hyderabad,23/06/2017,68.23
Hyderabad,26/06/2017,67.56
Hyderabad,27/06/2017,67.42
Hyderabad,28/06/2017,67.46
Hyderabad,29/06/2017,67.42
Hyderabad,30/06/2017,67.3
Hyderabad,03/07/2017,67.11
Hyderabad,04/07/2017,67.01
Hyderabad,05/07/2017,67.06
Hyderabad,06/07/2017,67.13
Hyderabad,07/07/2017,67.27
Hyderabad,10/07/2017,67.85
Hyderabad,11/07/2017,67.91
Hyderabad,12/07/2017,67.96
Hyderabad,13/07/2017,67.89
Hyderabad,14/07/2017,67.87
Hyderabad,17/07/2017,68.22
Hyderabad,18/07/2017,68.2
Hyderabad,19/07/2017,68.28
Hyderabad,20/07/2017,68.33
Hyderabad,21/07/2017,68.28
Hyderabad,24/07/2017,68.62
Hyderabad,25/07/2017,68.67
Hyderabad,26/07/2017,68.59
Hyderabad,27/07/2017,68.61
Hyderabad,28/07/2017,68.72
Hyderabad,31/07/2017,69.32
Hyderabad,01/08/2017,69.31
Hyderabad,04/08/2017,69.87
Hyderabad,07/08/2017,70.65
Hyderabad,08/08/2017,70.66
Hyderabad,09/08/2017,70.73
Hyderabad,10/08/2017,70.89
Hyderabad,11/08/2017,71.22
Hyderabad,14/08/2017,72.02
Hyderabad,16/08/2017,72.14
Hyderabad,17/08/2017,72.25
Hyderabad,18/08/2017,72.31
Hyderabad,21/08/2017,72.64
Hyderabad,22/08/2017,72.7
Hyderabad,23/08/2017,72.85
Hyderabad,24/08/2017,72.93
Hyderabad,28/08/2017,73.23
Hyderabad,29/08/2017,73.18
Hyderabad,30/08/2017,73.26
Hyderabad,31/08/2017,73.29
Hyderabad,01/09/2017,73.34
Hyderabad,04/09/2017,73.73
Hyderabad,05/09/2017,73.81
Hyderabad,07/09/2017,73.91
Hyderabad,08/09/2017,74
Hyderabad,11/09/2017,74.41
Hyderabad,12/09/2017,74.52
Hyderabad,13/09/2017,74.49
Hyderabad,14/09/2017,74.54
Hyderabad,15/09/2017,74.58
Hyderabad,19/09/2017,74.64
Hyderabad,20/09/2017,74.68
Hyderabad,21/09/2017,74.64
Hyderabad,22/09/2017,74.62
Hyderabad,25/09/2017,74.53
Hyderabad,26/09/2017,74.56
Hyderabad,27/09/2017,74.53
Hyderabad,28/09/2017,74.61
Hyderabad,29/09/2017,74.72
Hyderabad,03/10/2017,75.01
Hyderabad,04/10/2017,72.4
Hyderabad,05/10/2017,72.36
Hyderabad,06/10/2017,72.38
Hyderabad,09/10/2017,72.44
Hyderabad,10/10/2017,72.48
Hyderabad,11/10/2017,72.51
Hyderabad,12/10/2017,72.44
Hyderabad,13/10/2017,72.46
Hyderabad,16/10/2017,72.27
Hyderabad,17/10/2017,72.24
Hyderabad,18/10/2017,72.28
Hyderabad,24/10/2017,72.6
Hyderabad,25/10/2017,72.66
Hyderabad,26/10/2017,72.69
Hyderabad,30/10/2017,73.1
Hyderabad,31/10/2017,73.2
Hyderabad,02/11/2017,73.32
Hyderabad,03/11/2017,73.42
Hyderabad,06/11/2017,73.87
Hyderabad,07/11/2017,73.91
Hyderabad,09/11/2017,73.96
Hyderabad,10/11/2017,74.04
Hyderabad,13/11/2017,73.97
Hyderabad,14/11/2017,73.83
Hyderabad,15/11/2017,73.78
Hyderabad,16/11/2017,73.75
Hyderabad,17/11/2017,73.7
Hyderabad,20/11/2017,73.68
Hyderabad,21/11/2017,73.62
Hyderabad,22/11/2017,73.57
Hyderabad,23/11/2017,73.51
Hyderabad,24/11/2017,73.49
Hyderabad,27/11/2017,73.44
Hyderabad,28/11/2017,73.33
Hyderabad,29/11/2017,73.41
Hyderabad,30/11/2017,73.31
Hyderabad,01/12/2017,73.29
Hyderabad,05/12/2017,73.4
Hyderabad,06/12/2017,73.31
Hyderabad,07/12/2017,73.3
Hyderabad,08/12/2017,73.26
Hyderabad,11/12/2017,73.27
Hyderabad,12/12/2017,73.15
Hyderabad,13/12/2017,73.13
Hyderabad,15/12/2017,73.16
Hyderabad,18/12/2017,73.34
Hyderabad,19/12/2017,73.42
Hyderabad,20/12/2017,73.51
Hyderabad,21/12/2017,73.5
Hyderabad,22/12/2017,73.59
Hyderabad,26/12/2017,73.81
Hyderabad,27/12/2017,73.82
Hyderabad,28/12/2017,73.92
Hyderabad,29/12/2017,74.01
Hyderabad,01/01/2018,74.17
Hyderabad,02/01/2018,74.09
Hyderabad,03/01/2018,74.17
Hyderabad,05/01/2018,74.19
Hyderabad,08/01/2018,74.65
Hyderabad,09/01/2018,74.7
Hyderabad,10/01/2018,74.78
Hyderabad,11/01/2018,74.82
Hyderabad,12/01/2018,74.88
Hyderabad,15/01/2018,75.35
Hyderabad,16/01/2018,75.45
Hyderabad,17/01/2018,75.57
Hyderabad,18/01/2018,75.75
Hyderabad,19/01/2018,75.9
Hyderabad,22/01/2018,76.47
Hyderabad,23/01/2018,76.63
Hyderabad,24/01/2018,76.68
Hyderabad,25/01/2018,76.74
Hyderabad,29/01/2018,77.11
Hyderabad,30/01/2018,77.2
Hyderabad,01/02/2018,77.34
Hyderabad,02/02/2018,77.39
Hyderabad,05/02/2018,77.61
Hyderabad,06/02/2018,77.69
Hyderabad,08/02/2018,77.68
Hyderabad,09/02/2018,77.66
Hyderabad,12/02/2018,77.29
Hyderabad,13/02/2018,77.22
Hyderabad,15/02/2018,77.06
Hyderabad,16/02/2018,76.77
Hyderabad,19/02/2018,76.14
Hyderabad,20/02/2018,75.93
Hyderabad,21/02/2018,75.92
Hyderabad,22/02/2018,75.9
Hyderabad,23/02/2018,75.81
Hyderabad,26/02/2018,75.72
Hyderabad,27/02/2018,75.7
Hyderabad,01/03/2018,75.84
Hyderabad,02/03/2018,76.03
Hyderabad,05/03/2018,76.64
Hyderabad,06/03/2018,76.71
Hyderabad,09/03/2018,76.75
Hyderabad,12/03/2018,76.78
Hyderabad,13/03/2018,76.8
Hyderabad,15/03/2018,76.78
Hyderabad,16/03/2018,76.69
Hyderabad,19/03/2018,76.5
Hyderabad,20/03/2018,76.51
Hyderabad,22/03/2018,76.57
Hyderabad,23/03/2018,76.62
Hyderabad,26/03/2018,77.14
Hyderabad,27/03/2018,77.25
Hyderabad,29/03/2018,77.44
Hyderabad,30/03/2018,77.69
Hyderabad,02/04/2018,78.21
Hyderabad,03/04/2018,78.35
Hyderabad,05/04/2018,78.39
Hyderabad,09/04/2018,78.4
Hyderabad,10/04/2018,78.39
Hyderabad,12/04/2018,78.34
Hyderabad,13/04/2018,78.31
Hyderabad,16/04/2018,78.43
Hyderabad,19/04/2018,78.48
Hyderabad,20/04/2018,78.49
Hyderabad,23/04/2018,78.94
Hyderabad,24/04/2018,79.08
Hyderabad,14/05/2018,79.27
Hyderabad,15/05/2018,79.43
Hyderabad,16/05/2018,79.59
Hyderabad,17/05/2018,79.82
Hyderabad,18/05/2018,79.27
Hyderabad,21/05/2018,81.15
Hyderabad,22/05/2018,81.47
Hyderabad,23/05/2018,81.79
Hyderabad,24/05/2018,82.11
Hyderabad,25/05/2018,82.49
Hyderabad,26/05/2018,82.64
Hyderabad,27/05/2018,82.8
Hyderabad,28/05/2018,82.96
Hyderabad,29/05/2018,83.13
Hyderabad,31/05/2018,83.04
Hyderabad,01/06/2018,82.98
Hyderabad,02/06/2018,82.88
Hyderabad,03/06/2018,82.79
Hyderabad,04/06/2018,82.63
Hyderabad,05/06/2018,82.49
Hyderabad,06/06/2018,82.37
Hyderabad,07/06/2018,82.28
Hyderabad,08/06/2018,82.05
Hyderabad,09/06/2018,81.63
Hyderabad,10/06/2018,81.37
Hyderabad,11/06/2018,81.16
Hyderabad,12/06/2018,81
Hyderabad,15/06/2018,80.92
Hyderabad,19/06/2018,80.83
Hyderabad,21/06/2018,80.71
Hyderabad,22/06/2018,80.57
Hyderabad,23/06/2018,80.47
Hyderabad,24/06/2018,80.32
Hyderabad,25/06/2018,80.22
Hyderabad,26/06/2018,80.07
Hyderabad,05/07/2018,80.24
Hyderabad,06/07/2018,80.39
Hyderabad,09/07/2018,80.93
Hyderabad,10/07/2018,81.11
Hyderabad,12/07/2018,81.17
Hyderabad,13/07/2018,81.35
Hyderabad,16/07/2018,81.44
Hyderabad,20/07/2018,81.27
Hyderabad,23/07/2018,80.93
Hyderabad,24/07/2018,80.86
Hyderabad,30/07/2018,80.88
Hyderabad,31/07/2018,80.94
Hyderabad,02/08/2018,81.08
Hyderabad,03/08/2018,81.16
Hyderabad,06/08/2018,81.66
Hyderabad,07/08/2018,81.75
Hyderabad,13/08/2018,81.84
Hyderabad,16/08/2018,81.89
Hyderabad,20/08/2018,82.21
Hyderabad,21/08/2018,82.3
Hyderabad,24/08/2018,82.4
Hyderabad,25/08/2018,76.47
Hyderabad,26/08/2018,76.55
Hyderabad,27/08/2018,82.66
Hyderabad,28/08/2018,82.8
Hyderabad,29/08/2018,82.94
Hyderabad,30/08/2018,83.07
Hyderabad,31/08/2018,83.3
Hyderabad,03/09/2018,84.01
Hyderabad,04/09/2018,84.18
Hyderabad,06/09/2018,84.4
Hyderabad,07/09/2018,84.91
Hyderabad,10/09/2018,85.69
Hyderabad,11/09/2018,85.84
Hyderabad,13/09/2018,85.98
Hyderabad,14/09/2018,86.28
Hyderabad,15/09/2018,86.65
Hyderabad,16/09/2018,86.95
Hyderabad,17/09/2018,87.11
Hyderabad,18/09/2018,87.21
Hyderabad,20/09/2018,87.28
Hyderabad,21/09/2018,87.38
Hyderabad,23/09/2018,87.67
Hyderabad,24/09/2018,87.79
Hyderabad,25/09/2018,87.94
Hyderabad,27/09/2018,88.09
Hyderabad,28/09/2018,88.32
Hyderabad,30/09/2018,88.61
Hyderabad,01/10/2018,88.85
Hyderabad,02/10/2018,88.96
Hyderabad,04/10/2018,89.11
Hyderabad,05/10/2018,86.45
Hyderabad,06/10/2018,86.65
Hyderabad,07/10/2018,86.79
Hyderabad,08/10/2018,87.02
Hyderabad,09/10/2018,87.26
Hyderabad,11/10/2018,87.37
Hyderabad,12/10/2018,87.5
Hyderabad,13/10/2018,87.69
Hyderabad,14/10/2018,87.75
Hyderabad,16/10/2018,87.87
Hyderabad,18/10/2018,87.64
Hyderabad,19/10/2018,87.39
Hyderabad,20/10/2018,86.98
Hyderabad,22/10/2018,86.39
Hyderabad,23/10/2018,86.28
Hyderabad,24/10/2018,86.19
Hyderabad,25/10/2018,86.03
Hyderabad,26/10/2018,85.76
Hyderabad,29/10/2018,84.6
Hyderabad,30/10/2018,84.38
Hyderabad,01/11/2018,84.19
Hyderabad,02/11/2018,84.02
Hyderabad,05/11/2018,83.39
Hyderabad,06/11/2018,83.24
Hyderabad,12/11/2018,82.33
Hyderabad,13/11/2018,82.19
Hyderabad,15/11/2018,82.03
Hyderabad,16/11/2018,81.84
Hyderabad,19/11/2018,81.23
Hyderabad,20/11/2018,81.08
Hyderabad,22/11/2018,80.64
Hyderabad,23/11/2018,80.22
Hyderabad,26/11/2018,79.07
Hyderabad,27/11/2018,78.62
Hyderabad,28/11/2018,78.09
Hyderabad,29/11/2018,77.74
Hyderabad,30/11/2018,77.35
Hyderabad,01/12/2018,76.98
Hyderabad,02/12/2018,76.64
Hyderabad,03/12/2018,76.31
Hyderabad,04/12/2018,76.09
Hyderabad,06/12/2018,75.66
Hyderabad,07/12/2018,75.24
Hyderabad,10/12/2018,74.59
Hyderabad,11/12/2018,74.42
Hyderabad,13/12/2018,74.51
Hyderabad,17/12/2018,74.77
Hyderabad,18/12/2018,74.88
Hyderabad,21/12/2018,74.69
Hyderabad,24/12/2018,74.06
Hyderabad,25/12/2018,73.98
Hyderabad,27/12/2018,73.93
Hyderabad,28/12/2018,73.73
Hyderabad,31/12/2018,72.97
Hyderabad,02/01/2019,72.87
Hyderabad,04/01/2019,72.64
Hyderabad,07/01/2019,72.71
Hyderabad,10/01/2019,73.11
Hyderabad,11/01/2019,73.31
Hyderabad,14/01/2019,74.44
Hyderabad,16/01/2019,74.65
Hyderabad,17/01/2019,74.8
Hyderabad,18/01/2019,74.89
Hyderabad,21/01/2019,75.51
Hyderabad,22/01/2019,75.65
Hyderabad,29/01/2019,75.57
Hyderabad,31/01/2019,75.46
Hyderabad,01/02/2019,75.21
Hyderabad,05/02/2019,74.68
Hyderabad,08/02/2019,74.62
Hyderabad,11/02/2019,74.56
Hyderabad,14/02/2019,74.63
Hyderabad,15/02/2019,74.7
Hyderabad,18/02/2019,75.18
Hyderabad,19/02/2019,75.29
Hyderabad,22/02/2019,75.59
Hyderabad,25/02/2019,75.89
Hyderabad,26/02/2019,75.99
Hyderabad,28/02/2019,76.06
Hyderabad,01/03/2019,76.17
Hyderabad,04/03/2019,76.56
Hyderabad,05/03/2019,76.63
Hyderabad,11/03/2019,76.86
Hyderabad,12/03/2019,76.81
Hyderabad,14/03/2019,76.89
Hyderabad,15/03/2019,76.96
Hyderabad,18/03/2019,77.2
Hyderabad,21/03/2019,77.13
Hyderabad,22/03/2019,77.18
Hyderabad,23/03/2019,77.24
Hyderabad,24/03/2019,77.29
Hyderabad,28/03/2019,77.24
Hyderabad,01/04/2019,77.32
Hyderabad,05/04/2019,77.37
Hyderabad,08/04/2019,77.31
Hyderabad,09/04/2019,77.25
Hyderabad,12/04/2019,77.32
Hyderabad,15/04/2019,77.44
Hyderabad,16/04/2019,77.39
Hyderabad,20/04/2019,77.47
Hyderabad,22/04/2019,77.41
Hyderabad,25/04/2019,77.49
Hyderabad,27/04/2019,77.55
Hyderabad,30/04/2019,77.6
Hyderabad,02/05/2019,77.53
Hyderabad,04/05/2019,77.54
Hyderabad,05/05/2019,77.47
Hyderabad,06/05/2019,77.4
Hyderabad,09/05/2019,77.23
Hyderabad,10/05/2019,77.01
Hyderabad,11/05/2019,76.5
Hyderabad,12/05/2019,76.05
Hyderabad,13/05/2019,75.73
Hyderabad,14/05/2019,75.47
Hyderabad,17/05/2019,75.38
Hyderabad,18/05/2019,75.31
Hyderabad,20/05/2019,75.4
Hyderabad,21/05/2019,75.45
Hyderabad,23/05/2019,75.54
Hyderabad,24/05/2019,75.69
Hyderabad,25/05/2019,75.84
Hyderabad,26/05/2019,75.99
Hyderabad,27/05/2019,76.09
Hyderabad,28/05/2019,76.19
Hyderabad,30/05/2019,76.12
Hyderabad,31/05/2019,76.05
Hyderabad,02/06/2019,75.96
Hyderabad,03/06/2019,75.75
Hyderabad,04/06/2019,75.67
Hyderabad,06/06/2019,75.5
Hyderabad,07/06/2019,75.37
Hyderabad,10/06/2019,74.82
Hyderabad,13/06/2019,74.74
Hyderabad,14/06/2019,74.56
Hyderabad,15/06/2019,74.36
Hyderabad,16/06/2019,74.29
Hyderabad,24/06/2019,74.42
Hyderabad,27/06/2019,74.5
Hyderabad,28/06/2019,74.55
Hyderabad,29/06/2019,74.66
Hyderabad,30/06/2019,74.76
Hyderabad,01/07/2019,74.86
Hyderabad,02/07/2019,74.94
Hyderabad,06/07/2019,77.53
Hyderabad,09/07/2019,77.48
Hyderabad,13/07/2019,77.57
Hyderabad,14/07/2019,77.67
Hyderabad,15/07/2019,77.8
Hyderabad,16/07/2019,77.87
Hyderabad,18/07/2019,77.95
Hyderabad,23/07/2019,78.02
Hyderabad,25/07/2019,77.95
Hyderabad,26/07/2019,77.89
Hyderabad,27/07/2019,77.84
Hyderabad,28/07/2019,77.73
Hyderabad,29/07/2019,77.57
Hyderabad,30/07/2019,77.43
Hyderabad,01/08/2019,77.37
Hyderabad,02/08/2019,77.2
Hyderabad,03/08/2019,77.12
Hyderabad,04/08/2019,77.03
Hyderabad,05/08/2019,76.87
Hyderabad,06/08/2019,76.78
Hyderabad,08/08/2019,76.72
Hyderabad,09/08/2019,76.56
Hyderabad,11/08/2019,76.47
Hyderabad,18/08/2019,76.38
Hyderabad,19/08/2019,76.31
Hyderabad,24/08/2019,76.39
Hyderabad,25/08/2019,76.47
Hyderabad,26/08/2019,76.55
Hyderabad,27/08/2019,76.55
Hyderabad,29/08/2019,76.49
Hyderabad,05/09/2019,76.46
Hyderabad,06/09/2019,76.36
Hyderabad,07/09/2019,76.27
Hyderabad,08/09/2019,76.2
Hyderabad,10/09/2019,76.26
Hyderabad,12/09/2019,76.32
Hyderabad,13/09/2019,76.4
Hyderabad,14/09/2019,76.48
Hyderabad,15/09/2019,76.54
Hyderabad,17/09/2019,76.69
Hyderabad,18/09/2019,76.96
Hyderabad,19/09/2019,77.27
Hyderabad,20/09/2019,77.64
Hyderabad,21/09/2019,77.95
Hyderabad,22/09/2019,78.23
Hyderabad,23/09/2019,78.54
Hyderabad,24/09/2019,78.77
Hyderabad,26/09/2019,78.84
Hyderabad,27/09/2019,79
Hyderabad,30/09/2019,79.08
Hyderabad,01/10/2019,79.31
Hyderabad,03/10/2019,79.21
Hyderabad,04/10/2019,79.01
Hyderabad,05/10/2019,78.71
Hyderabad,07/10/2019,78.41
Hyderabad,08/10/2019,78.23
Hyderabad,10/10/2019,78.18
Hyderabad,11/10/2019,78.05
Hyderabad,12/10/2019,77.94
Hyderabad,15/10/2019,77.89
Hyderabad,22/10/2019,77.84
Hyderabad,24/10/2019,77.78
Hyderabad,25/10/2019,77.67
Hyderabad,26/10/2019,77.58
Hyderabad,29/10/2019,77.52
Hyderabad,01/11/2019,77.39
Hyderabad,02/11/2019,77.31
Hyderabad,03/11/2019,77.26
Hyderabad,04/11/2019,77.17
Hyderabad,05/11/2019,77.11
Hyderabad,08/11/2019,77.22
Hyderabad,09/11/2019,77.38
Hyderabad,10/11/2019,77.59
Hyderabad,11/11/2019,77.75
Hyderabad,13/11/2019,77.86
Hyderabad,14/11/2019,78.02
Hyderabad,15/11/2019,78.21
Hyderabad,16/11/2019,78.36
Hyderabad,17/11/2019,78.48
Hyderabad,18/11/2019,78.65
Hyderabad,19/11/2019,78.81
Hyderabad,22/11/2019,78.97
Hyderabad,23/11/2019,79.07
Hyderabad,24/11/2019,79.17
Hyderabad,25/11/2019,79.3
Hyderabad,26/11/2019,79.41
Hyderabad,29/11/2019,79.46
Hyderabad,30/11/2019,79.513
Hyderabad,01/12/2019,79.64
Hyderabad,07/12/2019,79.55
Hyderabad,08/12/2019,79.64
Hyderabad,09/12/2019,79.69
Hyderabad,10/12/2019,79.7
Hyderabad,12/12/2019,79.65
Hyderabad,13/12/2019,79.59
Hyderabad,14/12/2019,79.53
Hyderabad,15/12/2019,79.43
Hyderabad,16/12/2019,79.38
Hyderabad,17/12/2019,79.33
Hyderabad,19/12/2019,79.31
Hyderabad,26/12/2019,79.36
Hyderabad,27/12/2019,79.43
Hyderabad,29/12/2019,79.58
Hyderabad,30/12/2019,79.75
Hyderabad,31/12/2019,79.85
Hyderabad,02/01/2020,79.99
Hyderabad,03/01/2020,80.1
Hyderabad,04/01/2020,80.2
Hyderabad,05/01/2020,80.3
Hyderabad,06/01/2020,80.46
Hyderabad,07/01/2020,80.61
Hyderabad,08/01/2020,80.51
Hyderabad,09/01/2020,80.59
Hyderabad,10/01/2020,80.74
Hyderabad,11/01/2020,80.8
Hyderabad,12/01/2020,80.7
Hyderabad,13/01/2020,80.57
Hyderabad,14/01/2020,80.47
Hyderabad,16/01/2020,80.31
Hyderabad,17/01/2020,80.16
Hyderabad,18/01/2020,80
Hyderabad,19/01/2020,79.82
Hyderabad,20/01/2020,79.7
Hyderabad,21/01/2020,79.54
Hyderabad,22/01/2020,79.54
Hyderabad,23/01/2020,79.36
Hyderabad,24/01/2020,79.14
Hyderabad,25/01/2020,78.89
Hyderabad,26/01/2020,78.59
Hyderabad,27/01/2020,78.35
Hyderabad,28/01/2020,78.24
Hyderabad,29/01/2020,78.24
Hyderabad,30/01/2020,78
Hyderabad,31/01/2020,77.89
Hyderabad,01/02/2020,77.74
Hyderabad,02/02/2020,77.64
Hyderabad,03/02/2020,77.58
Hyderabad,04/02/2020,77.53
Hyderabad,05/02/2020,77.53
Hyderabad,06/02/2020,77.42
Hyderabad,07/02/2020,77.2
Hyderabad,08/02/2020,76.96
Hyderabad,09/02/2020,76.72
Hyderabad,10/02/2020,76.58
Hyderabad,11/02/2020,76.41
Hyderabad,12/02/2020,76.41
Hyderabad,13/02/2020,76.41
Hyderabad,14/02/2020,76.41
Hyderabad,15/02/2020,76.41
Hyderabad,17/02/2020,76.41
Hyderabad,18/02/2020,76.36
Hyderabad,19/02/2020,76.36
Hyderabad,20/02/2020,76.36
Hyderabad,21/02/2020,76.36
Hyderabad,24/02/2020,76.48
Hyderabad,25/02/2020,76.48
Hyderabad,26/02/2020,76.48
Hyderabad,27/02/2020,76.43
Hyderabad,28/02/2020,76.43
Hyderabad,29/02/2020,76.36
Hyderabad,01/03/2020,76.21
Hyderabad,02/03/2020,75.97
Hyderabad,03/03/2020,75.92
Hyderabad,04/03/2020,75.92
Hyderabad,05/03/2020,75.76
Hyderabad,06/03/2020,75.6
Hyderabad,07/03/2020,75.47
Hyderabad,08/03/2020,75.27
Hyderabad,09/03/2020,75.02
Hyderabad,10/03/2020,74.72
Hyderabad,11/03/2020,74.72
Hyderabad,12/03/2020,74.54
Hyderabad,13/03/2020,74.39
Hyderabad,14/03/2020,74.26
Hyderabad,15/03/2020,74.12
Hyderabad,16/03/2020,73.95
Hyderabad,17/03/2020,73.95
Hyderabad,18/03/2020,73.95
Hyderabad,19/03/2020,73.95
Hyderabad,20/03/2020,73.95
Hyderabad,21/03/2020,73.95
Hyderabad,22/03/2020,73.95
Hyderabad,23/03/2020,73.95
Hyderabad,24/03/2020,73.95
Hyderabad,25/03/2020,73.95
Hyderabad,26/03/2020,73.95
Hyderabad,27/03/2020,73.95
Hyderabad,28/03/2020,73.95
Hyderabad,29/03/2020,73.95
Hyderabad,30/03/2020,73.95
Hyderabad,31/03/2020,73.95
Hyderabad,01/04/2020,73.95
Hyderabad,02/04/2020,73.95
Hyderabad,03/04/2020,73.95
Hyderabad,04/04/2020,73.95
Hyderabad,05/04/2020,73.95
Hyderabad,06/04/2020,73.95
Hyderabad,07/04/2020,73.95
Hyderabad,08/04/2020,73.95
Hyderabad,09/04/2020,73.95
Hyderabad,10/04/2020,73.95
Hyderabad,11/04/2020,73.95
Hyderabad,12/04/2020,73.95
Hyderabad,13/04/2020,73.95
Hyderabad,14/04/2020,73.95
Hyderabad,15/04/2020,73.95
Hyderabad,16/04/2020,73.95
Hyderabad,17/04/2020,73.95
Hyderabad,18/04/2020,73.95
Hyderabad,20/04/2020,73.95
Hyderabad,21/04/2020,73.95
Hyderabad,22/04/2020,73.95
Hyderabad,23/04/2020,73.95
Hyderabad,24/04/2020,73.95
Hyderabad,25/04/2020,73.95
Hyderabad,26/04/2020,73.95
Hyderabad,27/04/2020,73.95
Hyderabad,28/04/2020,73.95
Hyderabad,29/04/2020,73.95
Hyderabad,30/04/2020,73.95
Hyderabad,01/05/2020,73.95
Hyderabad,02/05/2020,73.95
Hyderabad,03/05/2020,73.95
Hyderabad,04/05/2020,73.95
Hyderabad,05/05/2020,73.95
Hyderabad,06/05/2020,73.95
Hyderabad,07/05/2020,73.95
Hyderabad,08/05/2020,73.95
Hyderabad,09/05/2020,73.95
Hyderabad,10/05/2020,73.95
Hyderabad,11/05/2020,73.95
Hyderabad,12/05/2020,73.95
Hyderabad,13/05/2020,73.95
Hyderabad,14/05/2020,73.95
Hyderabad,15/05/2020,73.95
Hyderabad,16/05/2020,73.95
Hyderabad,17/05/2020,73.95
Hyderabad,18/05/2020,73.95
Hyderabad,19/05/2020,73.95
Hyderabad,20/05/2020,73.95
Hyderabad,21/05/2020,73.95
Hyderabad,22/05/2020,73.95
Hyderabad,23/05/2020,73.95
Hyderabad,24/05/2020,73.95
Hyderabad,25/05/2020,73.95
Hyderabad,26/05/2020,73.95
Hyderabad,27/05/2020,73.95
Hyderabad,28/05/2020,73.95
Hyderabad,29/05/2020,73.95
Hyderabad,30/05/2020,73.95
Hyderabad,31/05/2020,73.95
Hyderabad,01/06/2020,73.95
Hyderabad,02/06/2020,73.95
Hyderabad,03/06/2020,73.95
Hyderabad,04/06/2020,73.95
Hyderabad,05/06/2020,73.95
Hyderabad,06/06/2020,73.95
Hyderabad,07/06/2020,74.55
Hyderabad,08/06/2020,75.15
Hyderabad,09/06/2020,75.69
Hyderabad,10/06/2020,76.09
Hyderabad,11/06/2020,76.69
Hyderabad,12/06/2020,77.29
Hyderabad,13/06/2020,77.89
Hyderabad,14/06/2020,78.49
Hyderabad,15/06/2020,79.15
Hyderabad,16/06/2020,79.63
Hyderabad,17/06/2020,80.2
Hyderabad,18/06/2020,80.75
Hyderabad,19/06/2020,81.33
Hyderabad,20/06/2020,81.86
Hyderabad,21/06/2020,82.23
Hyderabad,22/06/2020,82.57
Hyderabad,23/06/2020,82.77
Hyderabad,24/06/2020,82.77
Hyderabad,25/06/2020,82.94
Hyderabad,26/06/2020,83.16
Hyderabad,27/06/2020,83.41
Hyderabad,28/06/2020,83.41
Hyderabad,29/06/2020,83.47
Hyderabad,30/06/2020,83.47
Hyderabad,01/07/2020,83.47
Hyderabad,02/07/2020,83.47
Hyderabad,03/07/2020,83.47
Hyderabad,04/07/2020,83.47
Hyderabad,05/07/2020,83.47
Hyderabad,06/07/2020,83.47
Hyderabad,07/07/2020,83.47
Hyderabad,08/07/2020,83.47
Hyderabad,09/07/2020,83.47
Hyderabad,10/07/2020,83.47
Hyderabad,11/07/2020,83.47
Hyderabad,12/07/2020,83.47
Hyderabad,13/07/2020,83.47
Hyderabad,15/07/2020,83.47
Hyderabad,16/07/2020,83.47
Hyderabad,17/07/2020,83.47
Hyderabad,18/07/2020,83.47
Hyderabad,19/07/2020,83.47
Hyderabad,20/07/2020,83.47
Hyderabad,21/07/2020,83.47
Hyderabad,22/07/2020,83.47
Hyderabad,23/07/2020,83.47
Hyderabad,24/07/2020,83.47
Hyderabad,25/07/2020,83.47
Hyderabad,26/07/2020,83.47
Hyderabad,27/07/2020,83.47
Hyderabad,28/07/2020,83.47
Hyderabad,29/07/2020,83.47
Hyderabad,30/07/2020,83.47
Hyderabad,31/07/2020,83.47
Hyderabad,01/08/2020,83.47
Hyderabad,02/08/2020,83.47
Hyderabad,03/08/2020,83.47
Hyderabad,04/08/2020,83.47
Hyderabad,05/08/2020,83.47
Hyderabad,06/08/2020,83.47
Hyderabad,07/08/2020,83.47
Hyderabad,08/08/2020,83.47
Hyderabad,09/08/2020,83.47
Hyderabad,10/08/2020,83.47
Hyderabad,11/08/2020,83.47
Hyderabad,12/08/2020,83.47
Hyderabad,13/08/2020,83.47
Hyderabad,14/08/2020,83.47
Hyderabad,15/08/2020,83.47
Hyderabad,16/08/2020,83.81
Hyderabad,17/08/2020,83.97
Hyderabad,18/08/2020,84.13
Hyderabad,19/08/2020,84.13
Hyderabad,20/08/2020,84.24
Hyderabad,21/08/2020,84.44
Hyderabad,22/08/2020,84.61
Hyderabad,23/08/2020,84.75
Hyderabad,24/08/2020,84.89
Hyderabad,25/08/2020,85
Hyderabad,26/08/2020,85
Hyderabad,27/08/2020,85.11
Hyderabad,28/08/2020,85.21
Hyderabad,29/08/2020,85.21
Hyderabad,30/08/2020,85.31
Hyderabad,31/08/2020,85.31
Hyderabad,01/09/2020,85.37
Hyderabad,02/09/2020,85.37
Hyderabad,03/09/2020,85.37
Hyderabad,04/09/2020,85.37
Hyderabad,05/09/2020,85.37
Hyderabad,06/09/2020,85.37
Hyderabad,07/09/2020,85.37
Hyderabad,08/09/2020,85.37
Hyderabad,09/09/2020,85.37
Hyderabad,10/09/2020,85.27
Hyderabad,11/09/2020,85.27
Hyderabad,12/09/2020,85.14
Hyderabad,13/09/2020,85.14
Hyderabad,14/09/2020,84.99
Hyderabad,15/09/2020,84.82
Hyderabad,16/09/2020,84.82
Hyderabad,17/09/2020,84.66
Hyderabad,18/09/2020,84.39
Hyderabad,19/09/2020,84.39
Hyderabad,20/09/2020,84.39
Hyderabad,21/09/2020,84.39
Hyderabad,22/09/2020,84.31
Hyderabad,23/09/2020,84.31
Hyderabad,24/09/2020,84.31
Hyderabad,25/09/2020,84.31
Hyderabad,26/09/2020,84.31
Hyderabad,27/09/2020,84.31
Hyderabad,28/09/2020,84.31
Hyderabad,29/09/2020,84.31
Hyderabad,30/09/2020,84.31
Hyderabad,01/10/2020,84.31
Hyderabad,02/10/2020,84.31
Hyderabad,03/10/2020,84.31
Hyderabad,04/10/2020,84.31
Hyderabad,05/10/2020,84.31
Hyderabad,06/10/2020,84.31
Hyderabad,07/10/2020,84.31
Hyderabad,08/10/2020,84.31
Hyderabad,09/10/2020,84.31
Hyderabad,10/10/2020,84.31
Hyderabad,11/10/2020,84.31
Hyderabad,12/10/2020,84.31
Hyderabad,13/10/2020,84.31
Hyderabad,14/10/2020,84.31
Hyderabad,15/10/2020,84.31
Hyderabad,16/10/2020,84.31
Hyderabad,17/10/2020,84.31
Hyderabad,18/10/2020,84.31
Hyderabad,19/10/2020,84.31
Hyderabad,20/10/2020,84.31
Hyderabad,21/10/2020,84.31
Hyderabad,22/10/2020,84.31
Hyderabad,23/10/2020,84.31
Hyderabad,24/10/2020,84.31
Hyderabad,25/10/2020,84.31
Hyderabad,26/10/2020,84.31
Hyderabad,27/10/2020,84.31
Hyderabad,28/10/2020,84.31
Hyderabad,29/10/2020,84.31
Hyderabad,30/10/2020,84.31
Hyderabad,31/10/2020,84.31
Hyderabad,01/11/2020,84.31
Hyderabad,02/11/2020,84.31
Hyderabad,03/11/2020,84.31
Hyderabad,04/11/2020,84.31
Hyderabad,05/11/2020,84.31
Hyderabad,06/11/2020,84.31
Hyderabad,07/11/2020,84.31
Hyderabad,08/11/2020,84.31
Hyderabad,09/11/2020,84.31
Hyderabad,10/11/2020,84.31
Hyderabad,11/11/2020,84.31
Hyderabad,12/11/2020,84.31
Hyderabad,13/11/2020,84.31
Hyderabad,14/11/2020,84.31
Hyderabad,15/11/2020,84.31
Hyderabad,16/11/2020,84.31
Hyderabad,17/11/2020,84.31
Hyderabad,18/11/2020,84.31
Hyderabad,19/11/2020,84.31
Hyderabad,20/11/2020,84.5
Hyderabad,21/11/2020,84.63
Hyderabad,22/11/2020,84.69
Hyderabad,23/11/2020,84.76
Hyderabad,24/11/2020,84.82
Hyderabad,25/11/2020,84.82
Hyderabad,26/11/2020,84.93
Hyderabad,27/11/2020,85.13
Hyderabad,28/11/2020,85.38
Hyderabad,29/11/2020,85.6
Hyderabad,30/11/2020,85.6
Hyderabad,01/12/2020,85.6
Hyderabad,02/12/2020,85.75
Hyderabad,03/12/2020,85.93
Hyderabad,04/12/2020,86.14
Hyderabad,05/12/2020,86.42
Hyderabad,06/12/2020,86.71
Hyderabad,07/12/2020,87.02
Hyderabad,08/12/2020,87.02
Hyderabad,09/12/2020,87.02
Hyderabad,10/12/2020,87.02
Hyderabad,11/12/2020,87.02
Hyderabad,12/12/2020,87.02
Hyderabad,13/12/2020,87.02
Hyderabad,14/12/2020,87.02
Hyderabad,15/12/2020,87.02
Hyderabad,16/12/2020,87.02
Hyderabad,17/12/2020,87.02
Hyderabad,18/12/2020,87.02
Hyderabad,19/12/2020,87.02
Hyderabad,20/12/2020,87.02
Hyderabad,21/12/2020,87.02
Hyderabad,22/12/2020,87.02
Hyderabad,23/12/2020,87.02
Hyderabad,24/12/2020,87.02
Hyderabad,25/12/2020,87.02
Hyderabad,26/12/2020,87.02
Hyderabad,27/12/2020,87.02
Hyderabad,28/12/2020,87.02
Hyderabad,29/12/2020,87.02
Hyderabad,30/12/2020,87.02
Hyderabad,31/12/2020,87.02
Hyderabad,01/01/2021,87.02
Hyderabad,02/01/2021,87.02
Hyderabad,03/01/2021,87.02
Hyderabad,04/01/2021,87.02
Hyderabad,05/01/2021,87.02
Hyderabad,06/01/2021,87.31
Hyderabad,07/01/2021,87.57
Hyderabad,08/01/2021,87.57
Hyderabad,09/01/2021,87.57
Hyderabad,10/01/2021,87.57
Hyderabad,11/01/2021,87.57
Hyderabad,12/01/2021,87.57
Hyderabad,13/01/2021,87.83
Hyderabad,14/01/2021,88.09
Hyderabad,15/01/2021,88.09
Hyderabad,16/01/2021,88.09
Hyderabad,17/01/2021,88.09
Hyderabad,18/01/2021,88.35
Hyderabad,19/01/2021,88.61
Hyderabad,20/01/2021,88.61
Hyderabad,21/01/2021,88.61
Hyderabad,22/01/2021,88.87
Hyderabad,23/01/2021,89.13
Hyderabad,24/01/2021,89.13
Hyderabad,25/01/2021,89.13
Hyderabad,26/01/2021,89.49
Hyderabad,27/01/2021,89.75
Hyderabad,28/01/2021,89.75
Hyderabad,29/01/2021,89.75
Hyderabad,30/01/2021,89.75
Hyderabad,31/01/2021,89.75
Hyderabad,01/02/2021,89.75
Hyderabad,02/02/2021,89.75
Hyderabad,03/02/2021,89.75
Hyderabad,04/02/2021,90.08
Hyderabad,05/02/2021,90.39
Hyderabad,06/02/2021,90.39
Hyderabad,07/02/2021,90.39
Hyderabad,08/02/2021,90.39
Hyderabad,09/02/2021,90.76
Hyderabad,10/02/2021,91.07
Hyderabad,11/02/2021,91.33
Hyderabad,12/02/2021,91.63
Hyderabad,13/02/2021,91.94
Hyderabad,14/02/2021,92.24
Hyderabad,15/02/2021,92.51
Hyderabad,16/02/2021,92.82
Hyderabad,17/02/2021,93.08
Hyderabad,18/02/2021,93.43
Hyderabad,19/02/2021,93.76
Hyderabad,20/02/2021,94.16
Hyderabad,21/02/2021,94.16
Hyderabad,22/02/2021,94.16
Hyderabad,23/02/2021,94.52
Hyderabad,24/02/2021,94.52
Hyderabad,25/02/2021,94.52
Hyderabad,26/02/2021,94.52
Hyderabad,27/02/2021,94.77
Hyderabad,28/02/2021,94.77
Hyderabad,01/03/2021,94.77
Chandigarh,16/11/2011,67.27
Chandigarh,01/12/2011,66.47
Chandigarh,01/04/2012,66.48
Chandigarh,24/05/2012,74.17
Chandigarh,03/06/2012,72.16
Chandigarh,29/06/2012,69.15
Chandigarh,24/07/2012,70.01
Chandigarh,01/08/2012,69.98
Chandigarh,09/10/2012,69.31
Chandigarh,27/10/2012,69.66
Chandigarh,16/11/2012,68.5
Chandigarh,18/01/2013,68.16
Chandigarh,16/02/2013,70
Chandigarh,02/03/2013,71.71
Chandigarh,16/03/2013,69.26
Chandigarh,02/04/2013,68.23
Chandigarh,16/04/2013,67.01
Chandigarh,01/05/2013,63.95
Chandigarh,01/06/2013,64.87
Chandigarh,16/06/2013,67.31
Chandigarh,29/06/2013,69.59
Chandigarh,15/07/2013,71.48
Chandigarh,01/08/2013,72.34
Chandigarh,01/09/2013,75.22
Chandigarh,14/09/2013,77.26
Chandigarh,01/10/2013,73.52
Chandigarh,01/11/2013,72.12
Chandigarh,21/12/2013,72.5
Chandigarh,04/01/2014,73.78
Chandigarh,01/03/2014,74.18
Chandigarh,01/04/2014,73.26
Chandigarh,16/04/2014,72.4
Chandigarh,07/06/2014,72.5
Chandigarh,25/06/2014,72.55
Chandigarh,01/07/2014,74.63
Chandigarh,01/08/2014,73.52
Chandigarh,15/08/2014,71.3
Chandigarh,31/08/2014,69.45
Chandigarh,01/10/2014,68.79
Chandigarh,15/10/2014,67.56
Chandigarh,01/11/2014,65.11
Chandigarh,01/12/2014,64.18
Chandigarh,16/12/2014,62.15
Chandigarh,17/01/2015,59.68
Chandigarh,01/02/2015,59.67
Chandigarh,04/02/2015,57.45
Chandigarh,16/02/2015,58.28
Chandigarh,01/03/2015,61.52
Chandigarh,02/04/2015,61.33
Chandigarh,15/04/2015,60.52
Chandigarh,01/05/2015,64.52
Chandigarh,16/05/2015,67.71
Chandigarh,16/06/2015,68.58
Chandigarh,01/07/2015,68.26
Chandigarh,15/07/2015,65.79
Chandigarh,01/08/2015,63.42
Chandigarh,15/08/2015,62.19
Chandigarh,01/09/2015,60.23
Chandigarh,01/11/2015,59.75
Chandigarh,16/11/2015,60.09
Chandigarh,01/12/2015,59.53
Chandigarh,01/12/2015,59.53
Chandigarh,16/12/2015,61.37
Chandigarh,01/01/2016,60.73
Chandigarh,16/01/2016,60.41
Chandigarh,01/02/2016,60.36
Chandigarh,17/02/2016,60.04
Chandigarh,09/03/2016,57.03
Chandigarh,17/03/2016,60.1
Chandigarh,05/04/2016,62.29
Chandigarh,16/04/2016,61.48
Chandigarh,01/05/2016,62.64
Chandigarh,17/05/2016,63.47
Chandigarh,01/06/2016,66.05
Chandigarh,16/06/2016,66.1
Chandigarh,01/07/2016,65.1
Chandigarh,15/07/2016,62.85
Chandigarh,01/08/2016,61.44
Chandigarh,15/08/2016,60.44
Chandigarh,01/09/2016,63.82
Chandigarh,15/09/2016,64.59
Chandigarh,01/10/2016,64.96
Chandigarh,05/10/2016,65.1
Chandigarh,15/10/2016,66.9
Chandigarh,06/11/2016,68.08
Chandigarh,16/11/2016,66.39
Chandigarh,01/12/2016,66.56
Chandigarh,17/12/2016,69.4
Chandigarh,01/01/2017,71
Chandigarh,16/01/2017,71.54
Chandigarh,01/04/2017,66.83
Chandigarh,16/04/2017,68.61
Chandigarh,01/05/2017,67.67
Chandigarh,15/05/2017,65.57
Chandigarh,16/05/2017,65.47
Chandigarh,29/05/2017,67.15
Chandigarh,30/05/2017,67.25
Chandigarh,01/06/2017,67.22
Chandigarh,16/06/2017,65.73
Chandigarh,19/06/2017,64.9
Chandigarh,20/06/2017,64.75
Chandigarh,21/06/2017,64.8
Chandigarh,22/06/2017,64.64
Chandigarh,23/06/2017,64.43
Chandigarh,26/06/2017,63.8
Chandigarh,27/06/2017,63.66
Chandigarh,28/06/2017,63.71
Chandigarh,29/06/2017,63.67
Chandigarh,30/06/2017,63.56
Chandigarh,03/07/2017,63.34
Chandigarh,04/07/2017,63.25
Chandigarh,05/07/2017,63.29
Chandigarh,06/07/2017,63.36
Chandigarh,07/07/2017,63.5
Chandigarh,10/07/2017,64.04
Chandigarh,11/07/2017,64.1
Chandigarh,12/07/2017,64.14
Chandigarh,13/07/2017,64.08
Chandigarh,14/07/2017,64.06
Chandigarh,17/07/2017,64.36
Chandigarh,18/07/2017,64.38
Chandigarh,19/07/2017,64.42
Chandigarh,20/07/2017,64.46
Chandigarh,21/07/2017,64.45
Chandigarh,24/07/2017,67.74
Chandigarh,25/07/2017,64.78
Chandigarh,26/07/2017,64.74
Chandigarh,27/07/2017,64.75
Chandigarh,28/07/2017,64.86
Chandigarh,31/07/2017,65.43
Chandigarh,01/08/2017,65.59
Chandigarh,02/08/2017,65.61
Chandigarh,04/08/2017,66.14
Chandigarh,07/08/2017,66.84
Chandigarh,08/08/2017,66.89
Chandigarh,09/08/2017,66.95
Chandigarh,10/08/2017,67.1
Chandigarh,11/08/2017,67.41
Chandigarh,14/08/2017,68.13
Chandigarh,16/08/2017,68.28
Chandigarh,17/08/2017,68.38
Chandigarh,18/08/2017,68.43
Chandigarh,21/08/2017,68.72
Chandigarh,22/08/2017,68.8
Chandigarh,23/08/2017,68.91
Chandigarh,24/08/2017,69.02
Chandigarh,28/08/2017,69.27
Chandigarh,29/08/2017,69.25
Chandigarh,30/08/2017,69.3
Chandigarh,31/08/2017,69.33
Chandigarh,01/09/2017,69.4
Chandigarh,04/09/2017,69.77
Chandigarh,05/09/2017,69.85
Chandigarh,07/09/2017,69.94
Chandigarh,08/09/2017,70.03
Chandigarh,11/09/2017,70.42
Chandigarh,12/09/2017,70.51
Chandigarh,13/09/2017,70.49
Chandigarh,14/09/2017,70.53
Chandigarh,15/09/2017,70.57
Chandigarh,19/09/2017,70.63
Chandigarh,20/09/2017,70.66
Chandigarh,21/09/2017,70.63
Chandigarh,22/09/2017,70.61
Chandigarh,25/09/2017,70.52
Chandigarh,26/09/2017,70.55
Chandigarh,27/09/2017,70.52
Chandigarh,28/09/2017,70.6
Chandigarh,29/09/2017,70.7
Chandigarh,03/10/2017,70.98
Chandigarh,04/10/2017,68.52
Chandigarh,05/10/2017,68.49
Chandigarh,06/10/2017,68.5
Chandigarh,09/10/2017,68.56
Chandigarh,10/10/2017,68.59
Chandigarh,11/10/2017,68.62
Chandigarh,12/10/2017,68.56
Chandigarh,13/10/2017,68.57
Chandigarh,16/10/2017,68.4
Chandigarh,17/10/2017,68.37
Chandigarh,18/10/2017,65.66
Chandigarh,24/10/2017,65.95
Chandigarh,25/10/2017,66.01
Chandigarh,26/10/2017,66.04
Chandigarh,30/10/2017,66.4
Chandigarh,31/10/2017,66.5
Chandigarh,02/11/2017,66.61
Chandigarh,03/11/2017,66.69
Chandigarh,06/11/2017,67.1
Chandigarh,07/11/2017,67.13
Chandigarh,09/11/2017,67.18
Chandigarh,10/11/2017,67.26
Chandigarh,13/11/2017,67.19
Chandigarh,14/11/2017,67.07
Chandigarh,15/11/2017,67.02
Chandigarh,16/11/2017,66.99
Chandigarh,17/11/2017,66.95
Chandigarh,20/11/2017,66.93
Chandigarh,21/11/2017,66.87
Chandigarh,22/11/2017,66.83
Chandigarh,23/11/2017,66.78
Chandigarh,24/11/2017,66.76
Chandigarh,27/11/2017,66.71
Chandigarh,28/11/2017,66.62
Chandigarh,29/11/2017,66.69
Chandigarh,30/11/2017,66.6
Chandigarh,01/12/2017,66.58
Chandigarh,05/12/2017,66.68
Chandigarh,06/12/2017,66.6
Chandigarh,07/12/2017,66.59
Chandigarh,08/12/2017,66.55
Chandigarh,11/12/2017,66.56
Chandigarh,12/12/2017,66.45
Chandigarh,13/12/2017,66.43
Chandigarh,15/12/2017,66.46
Chandigarh,18/12/2017,66.62
Chandigarh,19/12/2017,66.7
Chandigarh,20/12/2017,66.78
Chandigarh,21/12/2017,66.77
Chandigarh,22/12/2017,66.85
Chandigarh,26/12/2017,67.04
Chandigarh,27/12/2017,67.06
Chandigarh,28/12/2017,67.14
Chandigarh,29/12/2017,67.23
Chandigarh,01/01/2018,67.37
Chandigarh,02/01/2018,67.3
Chandigarh,03/01/2018,67.37
Chandigarh,05/01/2018,67.39
Chandigarh,08/01/2018,67.81
Chandigarh,09/01/2018,67.85
Chandigarh,10/01/2018,67.92
Chandigarh,11/01/2018,67.96
Chandigarh,12/01/2018,68.02
Chandigarh,15/01/2018,68.44
Chandigarh,16/01/2018,68.53
Chandigarh,17/01/2018,68.64
Chandigarh,18/01/2018,68.8
Chandigarh,19/01/2018,68.94
Chandigarh,22/01/2018,69.45
Chandigarh,23/01/2018,69.59
Chandigarh,24/01/2018,69.64
Chandigarh,25/01/2018,69.7
Chandigarh,29/01/2018,70.03
Chandigarh,30/01/2018,70.11
Chandigarh,01/02/2018,70.23
Chandigarh,02/02/2018,70.28
Chandigarh,05/02/2018,70.48
Chandigarh,06/02/2018,70.55
Chandigarh,08/02/2018,70.54
Chandigarh,09/02/2018,70.52
Chandigarh,12/02/2018,70.19
Chandigarh,13/02/2018,70.13
Chandigarh,15/02/2018,69.98
Chandigarh,16/02/2018,69.72
Chandigarh,19/02/2018,69.15
Chandigarh,20/02/2018,68.97
Chandigarh,21/02/2018,68.96
Chandigarh,22/02/2018,68.94
Chandigarh,23/02/2018,68.85
Chandigarh,26/02/2018,68.77
Chandigarh,27/02/2018,68.76
Chandigarh,01/03/2018,68.88
Chandigarh,02/03/2018,69.05
Chandigarh,05/03/2018,69.6
Chandigarh,06/03/2018,69.67
Chandigarh,09/03/2018,69.71
Chandigarh,12/03/2018,69.73
Chandigarh,13/03/2018,69.75
Chandigarh,15/03/2018,69.73
Chandigarh,16/03/2018,69.65
Chandigarh,19/03/2018,69.48
Chandigarh,20/03/2018,69.49
Chandigarh,22/03/2018,69.54
Chandigarh,23/03/2018,69.58
Chandigarh,26/03/2018,70.05
Chandigarh,27/03/2018,70.16
Chandigarh,29/03/2018,70.33
Chandigarh,30/03/2018,70.55
Chandigarh,02/04/2018,71.03
Chandigarh,03/04/2018,71.15
Chandigarh,05/04/2018,71.18
Chandigarh,09/04/2018,71.19
Chandigarh,10/04/2018,71.18
Chandigarh,12/04/2018,71.14
Chandigarh,13/04/2018,71.11
Chandigarh,16/04/2018,71.22
Chandigarh,19/04/2018,71.27
Chandigarh,20/04/2018,71.28
Chandigarh,23/04/2018,71.68
Chandigarh,24/04/2018,71.81
Chandigarh,14/05/2018,71.98
Chandigarh,15/05/2018,72.13
Chandigarh,16/05/2018,72.27
Chandigarh,17/05/2018,72.48
Chandigarh,18/05/2018,71.98
Chandigarh,21/05/2018,73.68
Chandigarh,22/05/2018,73.97
Chandigarh,23/05/2018,74.26
Chandigarh,24/05/2018,74.54
Chandigarh,25/05/2018,74.89
Chandigarh,26/05/2018,75.02
Chandigarh,27/05/2018,75.17
Chandigarh,28/05/2018,75.31
Chandigarh,29/05/2018,75.46
Chandigarh,31/05/2018,75.39
Chandigarh,01/06/2018,75.33
Chandigarh,02/06/2018,75.24
Chandigarh,03/06/2018,75.16
Chandigarh,04/06/2018,75.01
Chandigarh,05/06/2018,74.89
Chandigarh,06/06/2018,74.78
Chandigarh,07/06/2018,74.7
Chandigarh,08/06/2018,74.5
Chandigarh,09/06/2018,74.11
Chandigarh,10/06/2018,73.88
Chandigarh,11/06/2018,73.69
Chandigarh,12/06/2018,73.55
Chandigarh,15/06/2018,73.47
Chandigarh,19/06/2018,73.39
Chandigarh,21/06/2018,73.29
Chandigarh,22/06/2018,73.15
Chandigarh,23/06/2018,73.07
Chandigarh,24/06/2018,72.93
Chandigarh,25/06/2018,72.84
Chandigarh,26/06/2018,72.7
Chandigarh,05/07/2018,72.85
Chandigarh,06/07/2018,72.99
Chandigarh,09/07/2018,73.48
Chandigarh,10/07/2018,73.64
Chandigarh,12/07/2018,73.7
Chandigarh,13/07/2018,73.86
Chandigarh,16/07/2018,73.97
Chandigarh,20/07/2018,73.82
Chandigarh,23/07/2018,73.51
Chandigarh,24/07/2018,73.44
Chandigarh,30/07/2018,73.46
Chandigarh,31/07/2018,73.52
Chandigarh,02/08/2018,73.65
Chandigarh,03/08/2018,73.71
Chandigarh,06/08/2018,74.17
Chandigarh,07/08/2018,74.25
Chandigarh,13/08/2018,74.33
Chandigarh,16/08/2018,74.38
Chandigarh,20/08/2018,74.67
Chandigarh,21/08/2018,74.75
Chandigarh,24/08/2018,74.84
Chandigarh,25/08/2018,68.03
Chandigarh,26/08/2018,68.11
Chandigarh,27/08/2018,75.07
Chandigarh,28/08/2018,75.2
Chandigarh,29/08/2018,75.33
Chandigarh,30/08/2018,75.44
Chandigarh,31/08/2018,75.65
Chandigarh,03/09/2018,76.3
Chandigarh,04/09/2018,76.45
Chandigarh,06/09/2018,76.64
Chandigarh,07/09/2018,77.1
Chandigarh,10/09/2018,77.81
Chandigarh,11/09/2018,77.95
Chandigarh,13/09/2018,78.07
Chandigarh,14/09/2018,78.34
Chandigarh,15/09/2018,78.68
Chandigarh,16/09/2018,78.94
Chandigarh,17/09/2018,79.09
Chandigarh,18/09/2018,79.18
Chandigarh,20/09/2018,79.24
Chandigarh,21/09/2018,79.34
Chandigarh,23/09/2018,79.6
Chandigarh,24/09/2018,79.71
Chandigarh,25/09/2018,79.84
Chandigarh,27/09/2018,79.98
Chandigarh,28/09/2018,80.19
Chandigarh,30/09/2018,80.45
Chandigarh,01/10/2018,80.67
Chandigarh,02/10/2018,80.77
Chandigarh,04/10/2018,80.9
Chandigarh,05/10/2018,78.5
Chandigarh,06/10/2018,77.17
Chandigarh,07/10/2018,77.3
Chandigarh,08/10/2018,77.5
Chandigarh,09/10/2018,77.72
Chandigarh,11/10/2018,77.81
Chandigarh,12/10/2018,77.92
Chandigarh,13/10/2018,78.09
Chandigarh,14/10/2018,78.15
Chandigarh,16/10/2018,78.25
Chandigarh,18/10/2018,78.05
Chandigarh,19/10/2018,77.83
Chandigarh,20/10/2018,77.46
Chandigarh,22/10/2018,76.94
Chandigarh,23/10/2018,76.85
Chandigarh,24/10/2018,76.76
Chandigarh,25/10/2018,76.62
Chandigarh,26/10/2018,76.39
Chandigarh,29/10/2018,75.35
Chandigarh,30/10/2018,75.16
Chandigarh,01/11/2018,75
Chandigarh,02/11/2018,74.85
Chandigarh,05/11/2018,74.29
Chandigarh,06/11/2018,74.16
Chandigarh,12/11/2018,73.35
Chandigarh,13/11/2018,73.23
Chandigarh,15/11/2018,73.09
Chandigarh,16/11/2018,72.92
Chandigarh,19/11/2018,72.37
Chandigarh,20/11/2018,72.24
Chandigarh,22/11/2018,71.85
Chandigarh,23/11/2018,71.48
Chandigarh,26/11/2018,70.46
Chandigarh,27/11/2018,70.06
Chandigarh,28/11/2018,69.59
Chandigarh,29/11/2018,69.28
Chandigarh,30/11/2018,68.94
Chandigarh,01/12/2018,68.6
Chandigarh,02/12/2018,68.31
Chandigarh,03/12/2018,68.01
Chandigarh,04/12/2018,67.82
Chandigarh,06/12/2018,67.44
Chandigarh,07/12/2018,67.06
Chandigarh,10/12/2018,66.49
Chandigarh,11/12/2018,66.34
Chandigarh,13/12/2018,66.42
Chandigarh,17/12/2018,66.65
Chandigarh,18/12/2018,66.74
Chandigarh,21/12/2018,66.58
Chandigarh,24/12/2018,66.02
Chandigarh,25/12/2018,65.95
Chandigarh,27/12/2018,65.9
Chandigarh,28/12/2018,65.73
Chandigarh,31/12/2018,65.06
Chandigarh,02/01/2019,64.96
Chandigarh,04/01/2019,64.77
Chandigarh,07/01/2019,64.82
Chandigarh,10/01/2019,65.18
Chandigarh,11/01/2019,65.36
Chandigarh,14/01/2019,66.36
Chandigarh,16/01/2019,66.55
Chandigarh,17/01/2019,66.68
Chandigarh,18/01/2019,66.75
Chandigarh,21/01/2019,67.31
Chandigarh,22/01/2019,67.43
Chandigarh,29/01/2019,67.35
Chandigarh,31/01/2019,67.26
Chandigarh,01/02/2019,67.04
Chandigarh,05/02/2019,66.57
Chandigarh,08/02/2019,66.51
Chandigarh,11/02/2019,66.47
Chandigarh,14/02/2019,66.52
Chandigarh,15/02/2019,66.59
Chandigarh,18/02/2019,67.01
Chandigarh,19/02/2019,67.1
Chandigarh,22/02/2019,67.37
Chandigarh,25/02/2019,67.63
Chandigarh,26/02/2019,67.72
Chandigarh,28/02/2019,67.79
Chandigarh,01/03/2019,67.88
Chandigarh,04/03/2019,68.22
Chandigarh,05/03/2019,68.29
Chandigarh,11/03/2019,68.5
Chandigarh,12/03/2019,68.45
Chandigarh,14/03/2019,68.52
Chandigarh,15/03/2019,68.58
Chandigarh,18/03/2019,68.8
Chandigarh,21/03/2019,68.73
Chandigarh,22/03/2019,68.78
Chandigarh,23/03/2019,68.83
Chandigarh,24/03/2019,68.87
Chandigarh,28/03/2019,68.83
Chandigarh,01/04/2019,68.9
Chandigarh,05/04/2019,68.94
Chandigarh,08/04/2019,68.89
Chandigarh,09/04/2019,68.84
Chandigarh,12/04/2019,68.9
Chandigarh,15/04/2019,69.01
Chandigarh,16/04/2019,68.96
Chandigarh,20/04/2019,69.03
Chandigarh,22/04/2019,68.98
Chandigarh,25/04/2019,69.05
Chandigarh,27/04/2019,69.1
Chandigarh,30/04/2019,69.15
Chandigarh,02/05/2019,69.08
Chandigarh,04/05/2019,69.09
Chandigarh,05/05/2019,69.03
Chandigarh,06/05/2019,68.97
Chandigarh,09/05/2019,68.82
Chandigarh,10/05/2019,68.62
Chandigarh,11/05/2019,68.17
Chandigarh,12/05/2019,67.77
Chandigarh,13/05/2019,67.49
Chandigarh,14/05/2019,67.25
Chandigarh,17/05/2019,67.18
Chandigarh,18/05/2019,67.11
Chandigarh,20/05/2019,67.2
Chandigarh,21/05/2019,67.25
Chandigarh,23/05/2019,67.32
Chandigarh,24/05/2019,67.45
Chandigarh,25/05/2019,67.58
Chandigarh,26/05/2019,67.72
Chandigarh,27/05/2019,67.81
Chandigarh,28/05/2019,67.89
Chandigarh,30/05/2019,67.84
Chandigarh,31/05/2019,67.77
Chandigarh,01/06/2019,67.69
Chandigarh,02/06/2019,67.58
Chandigarh,03/06/2019,67.39
Chandigarh,04/06/2019,67.33
Chandigarh,06/06/2019,67.18
Chandigarh,07/06/2019,67.05
Chandigarh,10/06/2019,66.57
Chandigarh,13/06/2019,66.5
Chandigarh,14/06/2019,66.34
Chandigarh,15/06/2019,66.16
Chandigarh,16/06/2019,66.1
Chandigarh,24/06/2019,66.22
Chandigarh,27/06/2019,66.28
Chandigarh,28/06/2019,66.33
Chandigarh,29/06/2019,66.43
Chandigarh,30/06/2019,66.52
Chandigarh,01/07/2019,66.61
Chandigarh,02/07/2019,66.67
Chandigarh,06/07/2019,68.97
Chandigarh,09/07/2019,68.92
Chandigarh,13/07/2019,69.01
Chandigarh,14/07/2019,69.09
Chandigarh,15/07/2019,69.21
Chandigarh,16/07/2019,69.27
Chandigarh,18/07/2019,69.35
Chandigarh,23/07/2019,69.4
Chandigarh,25/07/2019,69.35
Chandigarh,26/07/2019,69.29
Chandigarh,27/07/2019,69.24
Chandigarh,28/07/2019,69.15
Chandigarh,29/07/2019,69.01
Chandigarh,30/07/2019,68.88
Chandigarh,01/08/2019,68.83
Chandigarh,02/08/2019,68.68
Chandigarh,03/08/2019,68.61
Chandigarh,04/08/2019,68.53
Chandigarh,05/08/2019,68.39
Chandigarh,06/08/2019,68.3
Chandigarh,08/08/2019,68.26
Chandigarh,09/08/2019,68.12
Chandigarh,11/08/2019,68.03
Chandigarh,18/08/2019,67.96
Chandigarh,19/08/2019,67.89
Chandigarh,24/08/2019,67.97
Chandigarh,25/08/2019,68.03
Chandigarh,26/08/2019,68.11
Chandigarh,27/08/2019,68.11
Chandigarh,29/08/2019,68.05
Chandigarh,05/09/2019,68.02
Chandigarh,06/09/2019,67.94
Chandigarh,07/09/2019,67.85
Chandigarh,08/09/2019,67.8
Chandigarh,10/09/2019,67.84
Chandigarh,12/09/2019,67.9
Chandigarh,13/09/2019,67.97
Chandigarh,14/09/2019,68.04
Chandigarh,15/09/2019,68.1
Chandigarh,17/09/2019,68.23
Chandigarh,18/09/2019,68.47
Chandigarh,19/09/2019,68.74
Chandigarh,20/09/2019,69.07
Chandigarh,21/09/2019,69.34
Chandigarh,22/09/2019,69.6
Chandigarh,23/09/2019,69.87
Chandigarh,24/09/2019,70.08
Chandigarh,26/09/2019,70.13
Chandigarh,27/09/2019,70.28
Chandigarh,30/09/2019,70.35
Chandigarh,01/10/2019,70.55
Chandigarh,03/10/2019,70.46
Chandigarh,04/10/2019,70.29
Chandigarh,05/10/2019,70.02
Chandigarh,07/10/2019,69.75
Chandigarh,08/10/2019,69.59
Chandigarh,10/10/2019,69.55
Chandigarh,11/10/2019,69.43
Chandigarh,12/10/2019,69.34
Chandigarh,15/10/2019,69.29
Chandigarh,22/10/2019,69.25
Chandigarh,24/10/2019,69.2
Chandigarh,25/10/2019,69.09
Chandigarh,26/10/2019,69.02
Chandigarh,29/10/2019,68.96
Chandigarh,01/11/2019,68.85
Chandigarh,02/11/2019,68.78
Chandigarh,03/11/2019,68.73
Chandigarh,04/11/2019,68.65
Chandigarh,05/11/2019,68.61
Chandigarh,08/11/2019,68.7
Chandigarh,09/11/2019,68.84
Chandigarh,10/11/2019,69.03
Chandigarh,11/11/2019,69.17
Chandigarh,13/11/2019,69.27
Chandigarh,14/11/2019,69.41
Chandigarh,15/11/2019,69.58
Chandigarh,16/11/2019,69.71
Chandigarh,17/11/2019,69.82
Chandigarh,18/11/2019,69.97
Chandigarh,19/11/2019,70.11
Chandigarh,22/11/2019,70.25
Chandigarh,23/11/2019,70.34
Chandigarh,24/11/2019,70.43
Chandigarh,25/11/2019,70.55
Chandigarh,26/11/2019,70.64
Chandigarh,29/11/2019,70.69
Chandigarh,30/11/2019,70.743
Chandigarh,01/12/2019,70.85
Chandigarh,07/12/2019,70.76
Chandigarh,08/12/2019,70.85
Chandigarh,09/12/2019,70.9
Chandigarh,10/12/2019,70.9
Chandigarh,12/12/2019,70.85
Chandigarh,13/12/2019,70.79
Chandigarh,14/12/2019,70.75
Chandigarh,15/12/2019,70.66
Chandigarh,16/12/2019,70.61
Chandigarh,17/12/2019,70.56
Chandigarh,19/12/2019,70.55
Chandigarh,26/12/2019,70.6
Chandigarh,27/12/2019,70.66
Chandigarh,29/12/2019,70.79
Chandigarh,30/12/2019,70.94
Chandigarh,31/12/2019,71.03
Chandigarh,02/01/2020,71.15
Chandigarh,03/01/2020,71.25
Chandigarh,04/01/2020,71.35
Chandigarh,05/01/2020,71.43
Chandigarh,06/01/2020,71.57
Chandigarh,07/01/2020,71.72
Chandigarh,08/01/2020,71.62
Chandigarh,09/01/2020,71.68
Chandigarh,10/01/2020,71.82
Chandigarh,11/01/2020,71.87
Chandigarh,12/01/2020,71.77
Chandigarh,13/01/2020,71.67
Chandigarh,14/01/2020,71.57
Chandigarh,16/01/2020,71.44
Chandigarh,17/01/2020,71.31
Chandigarh,18/01/2020,71.16
Chandigarh,19/01/2020,71
Chandigarh,20/01/2020,70.9
Chandigarh,21/01/2020,70.74
Chandigarh,22/01/2020,70.74
Chandigarh,23/01/2020,70.56
Chandigarh,24/01/2020,70.34
Chandigarh,25/01/2020,70.09
Chandigarh,26/01/2020,69.79
Chandigarh,27/01/2020,69.71
Chandigarh,28/01/2020,69.6
Chandigarh,29/01/2020,69.6
Chandigarh,30/01/2020,69.36
Chandigarh,31/01/2020,69.29
Chandigarh,01/02/2020,69.16
Chandigarh,02/02/2020,69.06
Chandigarh,03/02/2020,69.02
Chandigarh,04/02/2020,68.97
Chandigarh,05/02/2020,68.97
Chandigarh,06/02/2020,68.88
Chandigarh,07/02/2020,68.68
Chandigarh,08/02/2020,68.47
Chandigarh,09/02/2020,68.26
Chandigarh,10/02/2020,68.12
Chandigarh,11/02/2020,67.97
Chandigarh,12/02/2020,67.97
Chandigarh,13/02/2020,67.97
Chandigarh,14/02/2020,67.97
Chandigarh,15/02/2020,67.97
Chandigarh,17/02/2020,67.97
Chandigarh,18/02/2020,67.93
Chandigarh,19/02/2020,67.93
Chandigarh,20/02/2020,67.93
Chandigarh,21/02/2020,67.93
Chandigarh,24/02/2020,68.04
Chandigarh,25/02/2020,68.04
Chandigarh,26/02/2020,68.04
Chandigarh,27/02/2020,67.99
Chandigarh,28/02/2020,67.99
Chandigarh,29/02/2020,67.93
Chandigarh,01/03/2020,67.79
Chandigarh,02/03/2020,67.59
Chandigarh,03/03/2020,67.54
Chandigarh,04/03/2020,67.54
Chandigarh,05/03/2020,67.4
Chandigarh,06/03/2020,67.26
Chandigarh,07/03/2020,67.14
Chandigarh,08/03/2020,66.97
Chandigarh,09/03/2020,66.74
Chandigarh,10/03/2020,66.44
Chandigarh,11/03/2020,66.44
Chandigarh,12/03/2020,66.32
Chandigarh,13/03/2020,66.18
Chandigarh,14/03/2020,66.05
Chandigarh,15/03/2020,65.95
Chandigarh,16/03/2020,65.8
Chandigarh,17/03/2020,65.8
Chandigarh,18/03/2020,65.8
Chandigarh,19/03/2020,65.8
Chandigarh,20/03/2020,65.8
Chandigarh,21/03/2020,65.8
Chandigarh,22/03/2020,65.8
Chandigarh,23/03/2020,65.8
Chandigarh,24/03/2020,65.8
Chandigarh,25/03/2020,65.8
Chandigarh,26/03/2020,65.8
Chandigarh,27/03/2020,65.8
Chandigarh,28/03/2020,65.8
Chandigarh,29/03/2020,65.8
Chandigarh,30/03/2020,65.8
Chandigarh,31/03/2020,65.8
Chandigarh,01/04/2020,65.8
Chandigarh,02/04/2020,65.8
Chandigarh,03/04/2020,65.8
Chandigarh,04/04/2020,65.8
Chandigarh,05/04/2020,65.8
Chandigarh,06/04/2020,65.8
Chandigarh,07/04/2020,65.8
Chandigarh,08/04/2020,65.8
Chandigarh,09/04/2020,65.8
Chandigarh,10/04/2020,65.8
Chandigarh,11/04/2020,65.8
Chandigarh,12/04/2020,65.8
Chandigarh,13/04/2020,65.8
Chandigarh,14/04/2020,65.8
Chandigarh,15/04/2020,65.8
Chandigarh,16/04/2020,65.8
Chandigarh,17/04/2020,65.8
Chandigarh,18/04/2020,65.8
Chandigarh,20/04/2020,65.8
Chandigarh,21/04/2020,65.8
Chandigarh,22/04/2020,65.8
Chandigarh,23/04/2020,65.8
Chandigarh,24/04/2020,65.8
Chandigarh,25/04/2020,65.8
Chandigarh,26/04/2020,65.8
Chandigarh,27/04/2020,65.8
Chandigarh,28/04/2020,65.8
Chandigarh,29/04/2020,65.8
Chandigarh,30/04/2020,65.8
Chandigarh,01/05/2020,65.8
Chandigarh,02/05/2020,65.8
Chandigarh,03/05/2020,65.8
Chandigarh,04/05/2020,65.8
Chandigarh,05/05/2020,65.8
Chandigarh,06/05/2020,65.8
Chandigarh,07/05/2020,65.8
Chandigarh,08/05/2020,65.8
Chandigarh,09/05/2020,65.8
Chandigarh,10/05/2020,65.8
Chandigarh,11/05/2020,65.8
Chandigarh,12/05/2020,65.8
Chandigarh,13/05/2020,65.8
Chandigarh,14/05/2020,65.8
Chandigarh,15/05/2020,65.8
Chandigarh,16/05/2020,65.8
Chandigarh,17/05/2020,65.8
Chandigarh,18/05/2020,65.8
Chandigarh,19/05/2020,65.8
Chandigarh,20/05/2020,65.8
Chandigarh,21/05/2020,65.8
Chandigarh,22/05/2020,65.8
Chandigarh,23/05/2020,65.8
Chandigarh,24/05/2020,65.8
Chandigarh,25/05/2020,65.8
Chandigarh,26/05/2020,65.8
Chandigarh,27/05/2020,65.8
Chandigarh,28/05/2020,65.8
Chandigarh,29/05/2020,65.8
Chandigarh,30/05/2020,65.8
Chandigarh,31/05/2020,65.8
Chandigarh,01/06/2020,68.6
Chandigarh,02/06/2020,68.6
Chandigarh,03/06/2020,68.6
Chandigarh,04/06/2020,68.6
Chandigarh,05/06/2020,68.6
Chandigarh,06/06/2020,68.6
Chandigarh,07/06/2020,69.2
Chandigarh,08/06/2020,69.8
Chandigarh,09/06/2020,70.34
Chandigarh,10/06/2020,70.74
Chandigarh,11/06/2020,71.34
Chandigarh,12/06/2020,71.94
Chandigarh,13/06/2020,72.54
Chandigarh,14/06/2020,73.14
Chandigarh,15/06/2020,73.4
Chandigarh,16/06/2020,73.85
Chandigarh,17/06/2020,74.37
Chandigarh,18/06/2020,74.88
Chandigarh,19/06/2020,75.42
Chandigarh,20/06/2020,75.91
Chandigarh,21/06/2020,76.24
Chandigarh,22/06/2020,76.56
Chandigarh,23/06/2020,76.74
Chandigarh,24/06/2020,76.74
Chandigarh,25/06/2020,76.9
Chandigarh,26/06/2020,77.1
Chandigarh,27/06/2020,77.34
Chandigarh,28/06/2020,77.34
Chandigarh,29/06/2020,77.39
Chandigarh,30/06/2020,77.39
Chandigarh,01/07/2020,77.39
Chandigarh,02/07/2020,77.39
Chandigarh,03/07/2020,77.39
Chandigarh,04/07/2020,77.39
Chandigarh,05/07/2020,77.39
Chandigarh,06/07/2020,77.39
Chandigarh,07/07/2020,77.39
Chandigarh,08/07/2020,77.39
Chandigarh,09/07/2020,77.39
Chandigarh,10/07/2020,77.39
Chandigarh,11/07/2020,77.39
Chandigarh,12/07/2020,77.39
Chandigarh,13/07/2020,77.39
Chandigarh,15/07/2020,77.39
Chandigarh,16/07/2020,77.39
Chandigarh,17/07/2020,77.39
Chandigarh,18/07/2020,77.39
Chandigarh,19/07/2020,77.39
Chandigarh,20/07/2020,77.39
Chandigarh,21/07/2020,77.39
Chandigarh,22/07/2020,77.39
Chandigarh,23/07/2020,77.39
Chandigarh,24/07/2020,77.39
Chandigarh,25/07/2020,77.39
Chandigarh,26/07/2020,77.39
Chandigarh,27/07/2020,77.39
Chandigarh,28/07/2020,77.39
Chandigarh,29/07/2020,77.39
Chandigarh,30/07/2020,77.39
Chandigarh,31/07/2020,77.39
Chandigarh,01/08/2020,77.39
Chandigarh,02/08/2020,77.39
Chandigarh,03/08/2020,77.39
Chandigarh,04/08/2020,77.39
Chandigarh,05/08/2020,77.39
Chandigarh,06/08/2020,77.39
Chandigarh,07/08/2020,77.39
Chandigarh,08/08/2020,77.39
Chandigarh,09/08/2020,77.39
Chandigarh,10/08/2020,77.39
Chandigarh,11/08/2020,77.39
Chandigarh,12/08/2020,77.39
Chandigarh,13/08/2020,77.39
Chandigarh,14/08/2020,77.39
Chandigarh,15/08/2020,77.39
Chandigarh,16/08/2020,77.58
Chandigarh,17/08/2020,77.73
Chandigarh,18/08/2020,77.88
Chandigarh,19/08/2020,77.88
Chandigarh,20/08/2020,77.98
Chandigarh,21/08/2020,78.17
Chandigarh,22/08/2020,78.32
Chandigarh,23/08/2020,78.45
Chandigarh,24/08/2020,78.58
Chandigarh,25/08/2020,78.68
Chandigarh,26/08/2020,78.68
Chandigarh,27/08/2020,78.78
Chandigarh,28/08/2020,78.88
Chandigarh,29/08/2020,78.88
Chandigarh,30/08/2020,78.97
Chandigarh,31/08/2020,78.97
Chandigarh,01/09/2020,79.02
Chandigarh,02/09/2020,79.02
Chandigarh,03/09/2020,79.02
Chandigarh,04/09/2020,79.02
Chandigarh,05/09/2020,79.02
Chandigarh,06/09/2020,79.02
Chandigarh,07/09/2020,79.02
Chandigarh,08/09/2020,79.02
Chandigarh,09/09/2020,79.02
Chandigarh,10/09/2020,78.93
Chandigarh,11/09/2020,78.93
Chandigarh,12/09/2020,78.81
Chandigarh,13/09/2020,78.81
Chandigarh,14/09/2020,78.67
Chandigarh,15/09/2020,78.51
Chandigarh,16/09/2020,78.51
Chandigarh,17/09/2020,78.37
Chandigarh,18/09/2020,78.12
Chandigarh,19/09/2020,78.12
Chandigarh,20/09/2020,78.12
Chandigarh,21/09/2020,78.12
Chandigarh,22/09/2020,78.04
Chandigarh,23/09/2020,78.04
Chandigarh,24/09/2020,78.04
Chandigarh,25/09/2020,78.04
Chandigarh,26/09/2020,78.04
Chandigarh,27/09/2020,78.04
Chandigarh,28/09/2020,78.04
Chandigarh,29/09/2020,78.04
Chandigarh,30/09/2020,78.04
Chandigarh,01/10/2020,78.04
Chandigarh,02/10/2020,78.04
Chandigarh,03/10/2020,78.04
Chandigarh,04/10/2020,78.04
Chandigarh,05/10/2020,78.04
Chandigarh,06/10/2020,78.04
Chandigarh,07/10/2020,78.04
Chandigarh,08/10/2020,78.04
Chandigarh,09/10/2020,78.04
Chandigarh,10/10/2020,78.04
Chandigarh,11/10/2020,78.04
Chandigarh,12/10/2020,78.04
Chandigarh,13/10/2020,78.04
Chandigarh,14/10/2020,78.04
Chandigarh,15/10/2020,78.04
Chandigarh,16/10/2020,78.04
Chandigarh,17/10/2020,78.04
Chandigarh,18/10/2020,78.04
Chandigarh,19/10/2020,78.04
Chandigarh,20/10/2020,78.04
Chandigarh,21/10/2020,78.04
Chandigarh,22/10/2020,78.04
Chandigarh,23/10/2020,78.04
Chandigarh,24/10/2020,78.04
Chandigarh,25/10/2020,78.04
Chandigarh,26/10/2020,78.04
Chandigarh,27/10/2020,78.04
Chandigarh,28/10/2020,78.04
Chandigarh,29/10/2020,78.04
Chandigarh,30/10/2020,78.04
Chandigarh,31/10/2020,78.04
Chandigarh,01/11/2020,78.04
Chandigarh,02/11/2020,78.04
Chandigarh,03/11/2020,78.04
Chandigarh,04/11/2020,78.04
Chandigarh,05/11/2020,78.04
Chandigarh,06/11/2020,78.04
Chandigarh,07/11/2020,78.04
Chandigarh,08/11/2020,78.04
Chandigarh,09/11/2020,78.04
Chandigarh,10/11/2020,78.04
Chandigarh,11/11/2020,78.04
Chandigarh,12/11/2020,78.04
Chandigarh,13/11/2020,78.04
Chandigarh,14/11/2020,78.04
Chandigarh,15/11/2020,78.04
Chandigarh,16/11/2020,78.04
Chandigarh,17/11/2020,78.04
Chandigarh,18/11/2020,78.04
Chandigarh,19/11/2020,78.04
Chandigarh,20/11/2020,78.22
Chandigarh,21/11/2020,78.35
Chandigarh,22/11/2020,78.4
Chandigarh,23/11/2020,78.46
Chandigarh,24/11/2020,78.52
Chandigarh,25/11/2020,78.52
Chandigarh,26/11/2020,78.63
Chandigarh,27/11/2020,78.81
Chandigarh,28/11/2020,79.04
Chandigarh,29/11/2020,79.24
Chandigarh,30/11/2020,79.24
Chandigarh,01/12/2020,79.24
Chandigarh,02/12/2020,79.38
Chandigarh,03/12/2020,79.55
Chandigarh,04/12/2020,79.74
Chandigarh,05/12/2020,80
Chandigarh,06/12/2020,80.26
Chandigarh,07/12/2020,80.55
Chandigarh,08/12/2020,80.55
Chandigarh,09/12/2020,80.55
Chandigarh,10/12/2020,80.55
Chandigarh,11/12/2020,80.55
Chandigarh,12/12/2020,80.55
Chandigarh,13/12/2020,80.55
Chandigarh,14/12/2020,80.55
Chandigarh,15/12/2020,80.55
Chandigarh,16/12/2020,80.55
Chandigarh,17/12/2020,80.55
Chandigarh,18/12/2020,80.55
Chandigarh,19/12/2020,80.55
Chandigarh,20/12/2020,80.55
Chandigarh,21/12/2020,80.55
Chandigarh,22/12/2020,80.55
Chandigarh,23/12/2020,80.55
Chandigarh,24/12/2020,80.55
Chandigarh,25/12/2020,80.55
Chandigarh,26/12/2020,80.55
Chandigarh,27/12/2020,80.55
Chandigarh,28/12/2020,80.55
Chandigarh,29/12/2020,80.55
Chandigarh,30/12/2020,80.55
Chandigarh,31/12/2020,80.55
Chandigarh,01/01/2021,80.55
Chandigarh,02/01/2021,80.55
Chandigarh,03/01/2021,80.55
Chandigarh,04/01/2021,80.55
Chandigarh,05/01/2021,80.55
Chandigarh,06/01/2021,80.82
Chandigarh,07/01/2021,81.06
Chandigarh,08/01/2021,81.06
Chandigarh,09/01/2021,81.06
Chandigarh,10/01/2021,81.06
Chandigarh,11/01/2021,81.06
Chandigarh,12/01/2021,81.06
Chandigarh,13/01/2021,81.3
Chandigarh,14/01/2021,81.54
Chandigarh,15/01/2021,81.54
Chandigarh,16/01/2021,81.54
Chandigarh,17/01/2021,81.54
Chandigarh,18/01/2021,81.78
Chandigarh,19/01/2021,82.02
Chandigarh,20/01/2021,82.02
Chandigarh,21/01/2021,82.02
Chandigarh,22/01/2021,82.26
Chandigarh,23/01/2021,82.5
Chandigarh,24/01/2021,82.5
Chandigarh,25/01/2021,82.5
Chandigarh,26/01/2021,82.83
Chandigarh,27/01/2021,83.07
Chandigarh,28/01/2021,83.07
Chandigarh,29/01/2021,83.07
Chandigarh,30/01/2021,83.07
Chandigarh,31/01/2021,83.07
Chandigarh,01/02/2021,83.07
Chandigarh,02/02/2021,83.07
Chandigarh,03/02/2021,83.07
Chandigarh,04/02/2021,83.38
Chandigarh,05/02/2021,83.67
Chandigarh,06/02/2021,83.67
Chandigarh,07/02/2021,83.67
Chandigarh,08/02/2021,83.67
Chandigarh,09/02/2021,84
Chandigarh,10/02/2021,84.29
Chandigarh,11/02/2021,84.53
Chandigarh,12/02/2021,84.81
Chandigarh,13/02/2021,85.09
Chandigarh,14/02/2021,85.37
Chandigarh,15/02/2021,85.62
Chandigarh,16/02/2021,85.91
Chandigarh,17/02/2021,86.15
Chandigarh,18/02/2021,86.47
Chandigarh,19/02/2021,86.77
Chandigarh,20/02/2021,87.14
Chandigarh,21/02/2021,87.14
Chandigarh,22/02/2021,87.14
Chandigarh,23/02/2021,87.48
Chandigarh,24/02/2021,87.48
Chandigarh,25/02/2021,87.48
Chandigarh,26/02/2021,87.48
Chandigarh,27/02/2021,87.71
Chandigarh,28/02/2021,87.71
Chandigarh,01/03/2021,87.71
